<?xml version="1.0" encoding="UTF-8"?>
<deploy xmlns="http://www.apache.org/ode/schemas/dd/2007/03"
	xmlns:empleado="http://empleado" xmlns:planViaje="http://planViaje"
	xmlns:vueloIberia="http://vueloIberia" xmlns:vueloVueling="http://vueloVueling">
	<process name="planViaje:PlanViaje">
		<active>true</active>
		<retired>false</retired>
		<process-events generate="all" />
		<provide partnerLink="client">
			<service name="planViaje:PlanViajeService" port="PlanViajePort" />
		</provide>
		<invoke partnerLink="empleado">
			<service name="empleado:EmpleadoService" port="EmpleadoPort" />
		</invoke>
		<invoke partnerLink="vueloVueling">
			<service name="vueloVueling:vueloVuelingService" port="vueloVuelingPort" />
		</invoke>
		<invoke partnerLink="vueloIberia">
			<service name="vueloIberia:vueloIberiaService" port="vueloIberiaPort" />
		</invoke>
	</process>
	<process name="empleado:Empleado">
		<process-events generate="all" />
		<provide partnerLink="client">
			<service name="empleado:EmpleadoService" port="EmpleadoPort" />
		</provide>
	</process>
	<process name="vueloIberia:vueloIberia">
		<process-events generate="all" />
		<provide partnerLink="client">
			<service name="vueloIberia:vueloIberiaService" port="vueloIberiaPort" />
		</provide>
	</process>
	<process name="vueloVueling:vueloVueling">
		<process-events generate="all" />
		<provide partnerLink="client">
			<service name="vueloVueling:vueloVuelingService" port="vueloVuelingPort" />
		</provide>
	</process>
</deploy>